序号,链接,节点数
0,https://gist.githubusercontent.com/peasoft/9a4fc878754a169c082580bb12cfae94/raw/,10
1,https://pai.yt/clash,0
2,https://pxpxey.absslk.xyz/f0f16a4f1871f1fd63da16abbb3bfff9,0
3,https://raw.githubusercontent.com/Huibq/TrojanLinks/master/links/vmess,0
4,https://raw.githubusercontent.com/Surfboardv2ray/TGParse/main/python/hy2,12
5,https://raw.githubusercontent.com/Surfboardv2ray/TGParse/main/python/hysteria2,29
6,https://raw.githubusercontent.com/ripaojiedian/freenode/main/clash,14
7,https://raw.githubusercontent.com/ripaojiedian/freenode/main/sub,14
8,https://raw.githubusercontent.com/shaoyouvip/free/refs/heads/main/all.yaml,101
9,https://raw.githubusercontent.com/zhangkaiitugithub/passcro/main/speednodes.yaml,59

总计,,173
